filename,subset,class,halo_category
001.PNG,Binary_Classification,Sperm,-
002.PNG,Binary_Classification,Sperm,-
003.PNG,Binary_Classification,Sperm,-
004.PNG,Binary_Classification,Sperm,-
005.PNG,Binary_Classification,Sperm,-
006.PNG,Binary_Classification,Sperm,-
007.PNG,Binary_Classification,Sperm,-
008.PNG,Binary_Classification,Sperm,-
009.PNG,Binary_Classification,Sperm,-
010.PNG,Binary_Classification,Sperm,-
011.PNG,Binary_Classification,Sperm,-
012.PNG,Binary_Classification,Sperm,-
013.PNG,Binary_Classification,Sperm,-
014.PNG,Binary_Classification,Sperm,-
015.PNG,Binary_Classification,Sperm,-
016.PNG,Binary_Classification,Sperm,-
017.PNG,Binary_Classification,Sperm,-
018.PNG,Binary_Classification,Sperm,-
019.PNG,Binary_Classification,Sperm,-
020.PNG,Binary_Classification,Sperm,-
021.PNG,Binary_Classification,Sperm,-
022.PNG,Binary_Classification,Sperm,-
023.PNG,Binary_Classification,Sperm,-
024.PNG,Binary_Classification,Sperm,-
025.PNG,Binary_Classification,Sperm,-
026.PNG,Binary_Classification,Sperm,-
027.PNG,Binary_Classification,Sperm,-
028.PNG,Binary_Classification,Sperm,-
029.PNG,Binary_Classification,Sperm,-
030.PNG,Binary_Classification,Sperm,-
031.PNG,Binary_Classification,Sperm,-
032.PNG,Binary_Classification,Sperm,-
033.PNG,Binary_Classification,Sperm,-
034.PNG,Binary_Classification,Sperm,-
035.PNG,Binary_Classification,Sperm,-
036.PNG,Binary_Classification,Sperm,-
037.PNG,Binary_Classification,Sperm,-
038.PNG,Binary_Classification,Sperm,-
039.PNG,Binary_Classification,Sperm,-
040.PNG,Binary_Classification,Sperm,-
041.PNG,Binary_Classification,Sperm,-
042.PNG,Binary_Classification,Sperm,-
043.PNG,Binary_Classification,Sperm,-
044.PNG,Binary_Classification,Sperm,-
045.PNG,Binary_Classification,Sperm,-
046.PNG,Binary_Classification,Sperm,-
047.PNG,Binary_Classification,Sperm,-
048.PNG,Binary_Classification,Sperm,-
049.PNG,Binary_Classification,Sperm,-
050.PNG,Binary_Classification,Sperm,-
051.PNG,Binary_Classification,Sperm,-
052.PNG,Binary_Classification,Sperm,-
053.PNG,Binary_Classification,Sperm,-
054.PNG,Binary_Classification,Sperm,-
055.PNG,Binary_Classification,Sperm,-
056.PNG,Binary_Classification,Sperm,-
057.PNG,Binary_Classification,Sperm,-
058.PNG,Binary_Classification,Sperm,-
059.PNG,Binary_Classification,Sperm,-
060.PNG,Binary_Classification,Sperm,-
061.PNG,Binary_Classification,Sperm,-
062.PNG,Binary_Classification,Sperm,-
063.PNG,Binary_Classification,Sperm,-
064.PNG,Binary_Classification,Sperm,-
065.PNG,Binary_Classification,Sperm,-
066.PNG,Binary_Classification,Sperm,-
067.PNG,Binary_Classification,Sperm,-
068.PNG,Binary_Classification,Sperm,-
069.PNG,Binary_Classification,Sperm,-
070.PNG,Binary_Classification,Sperm,-
071.PNG,Binary_Classification,Sperm,-
072.PNG,Binary_Classification,Sperm,-
073.PNG,Binary_Classification,Sperm,-
074.PNG,Binary_Classification,Sperm,-
075.PNG,Binary_Classification,Sperm,-
076.PNG,Binary_Classification,Sperm,-
077.PNG,Binary_Classification,Sperm,-
078.PNG,Binary_Classification,Sperm,-
079.PNG,Binary_Classification,Sperm,-
080.PNG,Binary_Classification,Sperm,-
081.PNG,Binary_Classification,Sperm,-
082.PNG,Binary_Classification,Sperm,-
083.PNG,Binary_Classification,Sperm,-
084.PNG,Binary_Classification,Sperm,-
085.PNG,Binary_Classification,Sperm,-
086.PNG,Binary_Classification,Sperm,-
087.PNG,Binary_Classification,Sperm,-
088.PNG,Binary_Classification,Sperm,-
089.PNG,Binary_Classification,Sperm,-
090.PNG,Binary_Classification,Sperm,-
091.PNG,Binary_Classification,Sperm,-
092.PNG,Binary_Classification,Sperm,-
093.PNG,Binary_Classification,Sperm,-
094.PNG,Binary_Classification,Sperm,-
095.PNG,Binary_Classification,Sperm,-
096.PNG,Binary_Classification,Sperm,-
097.PNG,Binary_Classification,Sperm,-
098.PNG,Binary_Classification,Sperm,-
099.PNG,Binary_Classification,Sperm,-
100.PNG,Binary_Classification,Sperm,-
101.PNG,Binary_Classification,Sperm,-
102.PNG,Binary_Classification,Sperm,-
103.PNG,Binary_Classification,Sperm,-
104.PNG,Binary_Classification,Sperm,-
105.PNG,Binary_Classification,Sperm,-
106.PNG,Binary_Classification,Sperm,-
107.PNG,Binary_Classification,Sperm,-
108.PNG,Binary_Classification,Sperm,-
109.PNG,Binary_Classification,Sperm,-
110.PNG,Binary_Classification,Sperm,-
111.PNG,Binary_Classification,Sperm,-
112.PNG,Binary_Classification,Sperm,-
113.PNG,Binary_Classification,Sperm,-
114.PNG,Binary_Classification,Sperm,-
115.PNG,Binary_Classification,Sperm,-
116.PNG,Binary_Classification,Sperm,-
117.PNG,Binary_Classification,Sperm,-
118.PNG,Binary_Classification,Sperm,-
119.PNG,Binary_Classification,Sperm,-
120.PNG,Binary_Classification,Sperm,-
121.PNG,Binary_Classification,Sperm,-
122.PNG,Binary_Classification,Sperm,-
123.PNG,Binary_Classification,Sperm,-
124.PNG,Binary_Classification,Sperm,-
125.PNG,Binary_Classification,Sperm,-
126.PNG,Binary_Classification,Sperm,-
127.PNG,Binary_Classification,Sperm,-
128.PNG,Binary_Classification,Sperm,-
129.PNG,Binary_Classification,Sperm,-
130.PNG,Binary_Classification,Sperm,-
131.PNG,Binary_Classification,Sperm,-
132.PNG,Binary_Classification,Sperm,-
133.PNG,Binary_Classification,Sperm,-
134.PNG,Binary_Classification,Sperm,-
135.PNG,Binary_Classification,Sperm,-
136.PNG,Binary_Classification,Sperm,-
137.PNG,Binary_Classification,Sperm,-
138.PNG,Binary_Classification,Sperm,-
139.PNG,Binary_Classification,Sperm,-
140.PNG,Binary_Classification,Sperm,-
141.PNG,Binary_Classification,Sperm,-
142.PNG,Binary_Classification,Sperm,-
143.PNG,Binary_Classification,Sperm,-
144.PNG,Binary_Classification,Sperm,-
145.PNG,Binary_Classification,Sperm,-
146.PNG,Binary_Classification,Sperm,-
147.PNG,Binary_Classification,Sperm,-
148.PNG,Binary_Classification,Sperm,-
149.PNG,Binary_Classification,Sperm,-
150.PNG,Binary_Classification,Sperm,-
151.PNG,Binary_Classification,Sperm,-
152.PNG,Binary_Classification,Sperm,-
153.PNG,Binary_Classification,Sperm,-
154.PNG,Binary_Classification,Sperm,-
155.PNG,Binary_Classification,Sperm,-
156.PNG,Binary_Classification,Sperm,-
157.PNG,Binary_Classification,Sperm,-
158.PNG,Binary_Classification,Sperm,-
159.PNG,Binary_Classification,Sperm,-
160.PNG,Binary_Classification,Sperm,-
161.PNG,Binary_Classification,Sperm,-
162.PNG,Binary_Classification,Sperm,-
163.PNG,Binary_Classification,Sperm,-
164.PNG,Binary_Classification,Sperm,-
165.PNG,Binary_Classification,Sperm,-
166.PNG,Binary_Classification,Sperm,-
167.PNG,Binary_Classification,Sperm,-
168.PNG,Binary_Classification,Sperm,-
169.PNG,Binary_Classification,Sperm,-
170.PNG,Binary_Classification,Sperm,-
171.PNG,Binary_Classification,Sperm,-
172.PNG,Binary_Classification,Sperm,-
173.PNG,Binary_Classification,Sperm,-
174.PNG,Binary_Classification,Sperm,-
175.PNG,Binary_Classification,Sperm,-
176.PNG,Binary_Classification,Sperm,-
177.PNG,Binary_Classification,Sperm,-
178.PNG,Binary_Classification,Sperm,-
179.PNG,Binary_Classification,Sperm,-
180.PNG,Binary_Classification,Sperm,-
181.PNG,Binary_Classification,Sperm,-
182.PNG,Binary_Classification,Sperm,-
183.PNG,Binary_Classification,Sperm,-
184.PNG,Binary_Classification,Sperm,-
185.PNG,Binary_Classification,Sperm,-
186.PNG,Binary_Classification,Sperm,-
187.PNG,Binary_Classification,Sperm,-
188.PNG,Binary_Classification,Sperm,-
189.PNG,Binary_Classification,Sperm,-
190.PNG,Binary_Classification,Sperm,-
191.PNG,Binary_Classification,Sperm,-
192.PNG,Binary_Classification,Sperm,-
193.PNG,Binary_Classification,Sperm,-
194.PNG,Binary_Classification,Sperm,-
195.PNG,Binary_Classification,Sperm,-
196.PNG,Binary_Classification,Sperm,-
197.PNG,Binary_Classification,Sperm,-
198.PNG,Binary_Classification,Sperm,-
199.PNG,Binary_Classification,Sperm,-
200.PNG,Binary_Classification,Sperm,-
201.PNG,Binary_Classification,Sperm,-
202.PNG,Binary_Classification,Sperm,-
203.PNG,Binary_Classification,Sperm,-
204.PNG,Binary_Classification,Sperm,-
205.PNG,Binary_Classification,Sperm,-
206.PNG,Binary_Classification,Sperm,-
207.PNG,Binary_Classification,Sperm,-
208.PNG,Binary_Classification,Sperm,-
209.PNG,Binary_Classification,Sperm,-
210.PNG,Binary_Classification,Sperm,-
211.PNG,Binary_Classification,Sperm,-
212.PNG,Binary_Classification,Sperm,-
213.PNG,Binary_Classification,Sperm,-
214.PNG,Binary_Classification,Sperm,-
215.PNG,Binary_Classification,Sperm,-
216.PNG,Binary_Classification,Sperm,-
217.PNG,Binary_Classification,Sperm,-
218.PNG,Binary_Classification,Sperm,-
219.PNG,Binary_Classification,Sperm,-
220.PNG,Binary_Classification,Sperm,-
221.PNG,Binary_Classification,Sperm,-
222.PNG,Binary_Classification,Sperm,-
223.PNG,Binary_Classification,Sperm,-
224.PNG,Binary_Classification,Sperm,-
225.PNG,Binary_Classification,Sperm,-
226.PNG,Binary_Classification,Sperm,-
227.PNG,Binary_Classification,Sperm,-
228.PNG,Binary_Classification,Sperm,-
229.PNG,Binary_Classification,Sperm,-
230.PNG,Binary_Classification,Sperm,-
231.PNG,Binary_Classification,Sperm,-
232.PNG,Binary_Classification,Sperm,-
233.PNG,Binary_Classification,Sperm,-
234.PNG,Binary_Classification,Sperm,-
235.PNG,Binary_Classification,Sperm,-
236.PNG,Binary_Classification,Sperm,-
237.PNG,Binary_Classification,Sperm,-
238.PNG,Binary_Classification,Sperm,-
239.PNG,Binary_Classification,Sperm,-
240.PNG,Binary_Classification,Sperm,-
241.PNG,Binary_Classification,Sperm,-
242.PNG,Binary_Classification,Sperm,-
243.PNG,Binary_Classification,Sperm,-
244.PNG,Binary_Classification,Sperm,-
245.PNG,Binary_Classification,Sperm,-
246.PNG,Binary_Classification,Sperm,-
247.PNG,Binary_Classification,Sperm,-
248.PNG,Binary_Classification,Sperm,-
249.PNG,Binary_Classification,Sperm,-
250.PNG,Binary_Classification,Sperm,-
251.PNG,Binary_Classification,Sperm,-
252.PNG,Binary_Classification,Sperm,-
253.PNG,Binary_Classification,Sperm,-
254.PNG,Binary_Classification,Sperm,-
255.PNG,Binary_Classification,Sperm,-
256.PNG,Binary_Classification,Sperm,-
257.PNG,Binary_Classification,Sperm,-
258.PNG,Binary_Classification,Sperm,-
259.PNG,Binary_Classification,Sperm,-
260.PNG,Binary_Classification,Sperm,-
261.PNG,Binary_Classification,Sperm,-
262.PNG,Binary_Classification,Sperm,-
263.PNG,Binary_Classification,Sperm,-
264.PNG,Binary_Classification,Sperm,-
265.PNG,Binary_Classification,Sperm,-
266.PNG,Binary_Classification,Sperm,-
267.PNG,Binary_Classification,Sperm,-
268.PNG,Binary_Classification,Sperm,-
269.PNG,Binary_Classification,Sperm,-
270.PNG,Binary_Classification,Sperm,-
271.PNG,Binary_Classification,Sperm,-
272.PNG,Binary_Classification,Sperm,-
273.PNG,Binary_Classification,Sperm,-
274.PNG,Binary_Classification,Sperm,-
275.PNG,Binary_Classification,Sperm,-
276.PNG,Binary_Classification,Sperm,-
277.PNG,Binary_Classification,Sperm,-
278.PNG,Binary_Classification,Sperm,-
279.PNG,Binary_Classification,Sperm,-
280.PNG,Binary_Classification,Sperm,-
281.PNG,Binary_Classification,Sperm,-
282.PNG,Binary_Classification,Sperm,-
283.PNG,Binary_Classification,Sperm,-
284.PNG,Binary_Classification,Sperm,-
285.PNG,Binary_Classification,Sperm,-
286.PNG,Binary_Classification,Sperm,-
287.PNG,Binary_Classification,Sperm,-
288.PNG,Binary_Classification,Sperm,-
289.PNG,Binary_Classification,Sperm,-
290.PNG,Binary_Classification,Sperm,-
291.PNG,Binary_Classification,Sperm,-
292.PNG,Binary_Classification,Sperm,-
293.PNG,Binary_Classification,Sperm,-
294.PNG,Binary_Classification,Sperm,-
295.PNG,Binary_Classification,Sperm,-
296.PNG,Binary_Classification,Sperm,-
297.PNG,Binary_Classification,Sperm,-
298.PNG,Binary_Classification,Sperm,-
299.PNG,Binary_Classification,Sperm,-
300.PNG,Binary_Classification,Sperm,-
301.PNG,Binary_Classification,Sperm,-
302.PNG,Binary_Classification,Sperm,-
303.PNG,Binary_Classification,Sperm,-
304.PNG,Binary_Classification,Sperm,-
305.PNG,Binary_Classification,Sperm,-
306.PNG,Binary_Classification,Sperm,-
307.PNG,Binary_Classification,Sperm,-
308.PNG,Binary_Classification,Sperm,-
309.PNG,Binary_Classification,Sperm,-
310.PNG,Binary_Classification,Sperm,-
311.PNG,Binary_Classification,Sperm,-
312.PNG,Binary_Classification,Sperm,-
313.PNG,Binary_Classification,Sperm,-
314.PNG,Binary_Classification,Sperm,-
315.PNG,Binary_Classification,Sperm,-
316.PNG,Binary_Classification,Sperm,-
317.PNG,Binary_Classification,Sperm,-
318.PNG,Binary_Classification,Sperm,-
319.PNG,Binary_Classification,Sperm,-
320.PNG,Binary_Classification,Sperm,-
001.PNG,Binary_Classification,Non-sperm,-
002.PNG,Binary_Classification,Non-sperm,-
003.PNG,Binary_Classification,Non-sperm,-
004.PNG,Binary_Classification,Non-sperm,-
005.PNG,Binary_Classification,Non-sperm,-
006.PNG,Binary_Classification,Non-sperm,-
007.PNG,Binary_Classification,Non-sperm,-
008.PNG,Binary_Classification,Non-sperm,-
009.PNG,Binary_Classification,Non-sperm,-
010.PNG,Binary_Classification,Non-sperm,-
011.PNG,Binary_Classification,Non-sperm,-
012.PNG,Binary_Classification,Non-sperm,-
013.PNG,Binary_Classification,Non-sperm,-
014.PNG,Binary_Classification,Non-sperm,-
015.PNG,Binary_Classification,Non-sperm,-
016.PNG,Binary_Classification,Non-sperm,-
017.PNG,Binary_Classification,Non-sperm,-
018.PNG,Binary_Classification,Non-sperm,-
019.PNG,Binary_Classification,Non-sperm,-
020.PNG,Binary_Classification,Non-sperm,-
021.PNG,Binary_Classification,Non-sperm,-
022.PNG,Binary_Classification,Non-sperm,-
023.PNG,Binary_Classification,Non-sperm,-
024.PNG,Binary_Classification,Non-sperm,-
025.PNG,Binary_Classification,Non-sperm,-
026.PNG,Binary_Classification,Non-sperm,-
027.PNG,Binary_Classification,Non-sperm,-
028.PNG,Binary_Classification,Non-sperm,-
029.PNG,Binary_Classification,Non-sperm,-
030.PNG,Binary_Classification,Non-sperm,-
031.PNG,Binary_Classification,Non-sperm,-
032.PNG,Binary_Classification,Non-sperm,-
033.PNG,Binary_Classification,Non-sperm,-
034.PNG,Binary_Classification,Non-sperm,-
035.PNG,Binary_Classification,Non-sperm,-
036.PNG,Binary_Classification,Non-sperm,-
037.PNG,Binary_Classification,Non-sperm,-
038.PNG,Binary_Classification,Non-sperm,-
039.PNG,Binary_Classification,Non-sperm,-
040.PNG,Binary_Classification,Non-sperm,-
041.PNG,Binary_Classification,Non-sperm,-
042.PNG,Binary_Classification,Non-sperm,-
043.PNG,Binary_Classification,Non-sperm,-
044.PNG,Binary_Classification,Non-sperm,-
045.PNG,Binary_Classification,Non-sperm,-
046.PNG,Binary_Classification,Non-sperm,-
047.PNG,Binary_Classification,Non-sperm,-
048.PNG,Binary_Classification,Non-sperm,-
049.PNG,Binary_Classification,Non-sperm,-
050.PNG,Binary_Classification,Non-sperm,-
051.PNG,Binary_Classification,Non-sperm,-
052.PNG,Binary_Classification,Non-sperm,-
053.PNG,Binary_Classification,Non-sperm,-
054.PNG,Binary_Classification,Non-sperm,-
055.PNG,Binary_Classification,Non-sperm,-
056.PNG,Binary_Classification,Non-sperm,-
057.PNG,Binary_Classification,Non-sperm,-
058.PNG,Binary_Classification,Non-sperm,-
059.PNG,Binary_Classification,Non-sperm,-
060.PNG,Binary_Classification,Non-sperm,-
061.PNG,Binary_Classification,Non-sperm,-
062.PNG,Binary_Classification,Non-sperm,-
063.PNG,Binary_Classification,Non-sperm,-
064.PNG,Binary_Classification,Non-sperm,-
065.PNG,Binary_Classification,Non-sperm,-
066.PNG,Binary_Classification,Non-sperm,-
067.PNG,Binary_Classification,Non-sperm,-
068.PNG,Binary_Classification,Non-sperm,-
069.PNG,Binary_Classification,Non-sperm,-
070.PNG,Binary_Classification,Non-sperm,-
071.PNG,Binary_Classification,Non-sperm,-
072.PNG,Binary_Classification,Non-sperm,-
073.PNG,Binary_Classification,Non-sperm,-
074.PNG,Binary_Classification,Non-sperm,-
075.PNG,Binary_Classification,Non-sperm,-
076.PNG,Binary_Classification,Non-sperm,-
077.PNG,Binary_Classification,Non-sperm,-
078.PNG,Binary_Classification,Non-sperm,-
079.PNG,Binary_Classification,Non-sperm,-
080.PNG,Binary_Classification,Non-sperm,-
081.PNG,Binary_Classification,Non-sperm,-
082.PNG,Binary_Classification,Non-sperm,-
083.PNG,Binary_Classification,Non-sperm,-
084.PNG,Binary_Classification,Non-sperm,-
085.PNG,Binary_Classification,Non-sperm,-
086.PNG,Binary_Classification,Non-sperm,-
087.PNG,Binary_Classification,Non-sperm,-
088.PNG,Binary_Classification,Non-sperm,-
089.PNG,Binary_Classification,Non-sperm,-
090.PNG,Binary_Classification,Non-sperm,-
091.PNG,Binary_Classification,Non-sperm,-
092.PNG,Binary_Classification,Non-sperm,-
093.PNG,Binary_Classification,Non-sperm,-
094.PNG,Binary_Classification,Non-sperm,-
095.PNG,Binary_Classification,Non-sperm,-
096.PNG,Binary_Classification,Non-sperm,-
097.PNG,Binary_Classification,Non-sperm,-
098.PNG,Binary_Classification,Non-sperm,-
099.PNG,Binary_Classification,Non-sperm,-
100.PNG,Binary_Classification,Non-sperm,-
101.PNG,Binary_Classification,Non-sperm,-
102.PNG,Binary_Classification,Non-sperm,-
103.PNG,Binary_Classification,Non-sperm,-
104.PNG,Binary_Classification,Non-sperm,-
105.PNG,Binary_Classification,Non-sperm,-
106.PNG,Binary_Classification,Non-sperm,-
107.PNG,Binary_Classification,Non-sperm,-
108.PNG,Binary_Classification,Non-sperm,-
109.PNG,Binary_Classification,Non-sperm,-
110.PNG,Binary_Classification,Non-sperm,-
111.PNG,Binary_Classification,Non-sperm,-
112.PNG,Binary_Classification,Non-sperm,-
113.PNG,Binary_Classification,Non-sperm,-
114.PNG,Binary_Classification,Non-sperm,-
115.PNG,Binary_Classification,Non-sperm,-
116.PNG,Binary_Classification,Non-sperm,-
117.PNG,Binary_Classification,Non-sperm,-
118.PNG,Binary_Classification,Non-sperm,-
119.PNG,Binary_Classification,Non-sperm,-
120.PNG,Binary_Classification,Non-sperm,-
121.PNG,Binary_Classification,Non-sperm,-
122.PNG,Binary_Classification,Non-sperm,-
123.PNG,Binary_Classification,Non-sperm,-
124.PNG,Binary_Classification,Non-sperm,-
125.PNG,Binary_Classification,Non-sperm,-
126.PNG,Binary_Classification,Non-sperm,-
127.PNG,Binary_Classification,Non-sperm,-
128.PNG,Binary_Classification,Non-sperm,-
129.PNG,Binary_Classification,Non-sperm,-
130.PNG,Binary_Classification,Non-sperm,-
131.PNG,Binary_Classification,Non-sperm,-
132.PNG,Binary_Classification,Non-sperm,-
133.PNG,Binary_Classification,Non-sperm,-
134.PNG,Binary_Classification,Non-sperm,-
135.PNG,Binary_Classification,Non-sperm,-
136.PNG,Binary_Classification,Non-sperm,-
137.PNG,Binary_Classification,Non-sperm,-
138.PNG,Binary_Classification,Non-sperm,-
139.PNG,Binary_Classification,Non-sperm,-
140.PNG,Binary_Classification,Non-sperm,-
141.PNG,Binary_Classification,Non-sperm,-
142.PNG,Binary_Classification,Non-sperm,-
143.PNG,Binary_Classification,Non-sperm,-
144.PNG,Binary_Classification,Non-sperm,-
145.PNG,Binary_Classification,Non-sperm,-
146.PNG,Binary_Classification,Non-sperm,-
147.PNG,Binary_Classification,Non-sperm,-
148.PNG,Binary_Classification,Non-sperm,-
149.PNG,Binary_Classification,Non-sperm,-
150.PNG,Binary_Classification,Non-sperm,-
151.PNG,Binary_Classification,Non-sperm,-
152.PNG,Binary_Classification,Non-sperm,-
153.PNG,Binary_Classification,Non-sperm,-
154.PNG,Binary_Classification,Non-sperm,-
155.PNG,Binary_Classification,Non-sperm,-
156.PNG,Binary_Classification,Non-sperm,-
157.PNG,Binary_Classification,Non-sperm,-
158.PNG,Binary_Classification,Non-sperm,-
159.PNG,Binary_Classification,Non-sperm,-
160.PNG,Binary_Classification,Non-sperm,-
161.PNG,Binary_Classification,Non-sperm,-
162.PNG,Binary_Classification,Non-sperm,-
163.PNG,Binary_Classification,Non-sperm,-
164.PNG,Binary_Classification,Non-sperm,-
165.PNG,Binary_Classification,Non-sperm,-
166.PNG,Binary_Classification,Non-sperm,-
167.PNG,Binary_Classification,Non-sperm,-
168.PNG,Binary_Classification,Non-sperm,-
169.PNG,Binary_Classification,Non-sperm,-
170.PNG,Binary_Classification,Non-sperm,-
171.PNG,Binary_Classification,Non-sperm,-
172.PNG,Binary_Classification,Non-sperm,-
173.PNG,Binary_Classification,Non-sperm,-
174.PNG,Binary_Classification,Non-sperm,-
175.PNG,Binary_Classification,Non-sperm,-
176.PNG,Binary_Classification,Non-sperm,-
177.PNG,Binary_Classification,Non-sperm,-
178.PNG,Binary_Classification,Non-sperm,-
179.PNG,Binary_Classification,Non-sperm,-
180.PNG,Binary_Classification,Non-sperm,-
181.PNG,Binary_Classification,Non-sperm,-
182.PNG,Binary_Classification,Non-sperm,-
183.PNG,Binary_Classification,Non-sperm,-
184.PNG,Binary_Classification,Non-sperm,-
185.PNG,Binary_Classification,Non-sperm,-
186.PNG,Binary_Classification,Non-sperm,-
187.PNG,Binary_Classification,Non-sperm,-
188.PNG,Binary_Classification,Non-sperm,-
189.PNG,Binary_Classification,Non-sperm,-
190.PNG,Binary_Classification,Non-sperm,-
191.PNG,Binary_Classification,Non-sperm,-
192.PNG,Binary_Classification,Non-sperm,-
193.PNG,Binary_Classification,Non-sperm,-
194.PNG,Binary_Classification,Non-sperm,-
195.PNG,Binary_Classification,Non-sperm,-
196.PNG,Binary_Classification,Non-sperm,-
197.PNG,Binary_Classification,Non-sperm,-
198.PNG,Binary_Classification,Non-sperm,-
199.PNG,Binary_Classification,Non-sperm,-
200.PNG,Binary_Classification,Non-sperm,-
201.PNG,Binary_Classification,Non-sperm,-
202.PNG,Binary_Classification,Non-sperm,-
203.PNG,Binary_Classification,Non-sperm,-
204.PNG,Binary_Classification,Non-sperm,-
205.PNG,Binary_Classification,Non-sperm,-
206.PNG,Binary_Classification,Non-sperm,-
207.PNG,Binary_Classification,Non-sperm,-
208.PNG,Binary_Classification,Non-sperm,-
209.PNG,Binary_Classification,Non-sperm,-
210.PNG,Binary_Classification,Non-sperm,-
211.PNG,Binary_Classification,Non-sperm,-
212.PNG,Binary_Classification,Non-sperm,-
213.PNG,Binary_Classification,Non-sperm,-
214.PNG,Binary_Classification,Non-sperm,-
215.PNG,Binary_Classification,Non-sperm,-
216.PNG,Binary_Classification,Non-sperm,-
217.PNG,Binary_Classification,Non-sperm,-
218.PNG,Binary_Classification,Non-sperm,-
219.PNG,Binary_Classification,Non-sperm,-
220.PNG,Binary_Classification,Non-sperm,-
221.PNG,Binary_Classification,Non-sperm,-
222.PNG,Binary_Classification,Non-sperm,-
223.PNG,Binary_Classification,Non-sperm,-
224.PNG,Binary_Classification,Non-sperm,-
225.PNG,Binary_Classification,Non-sperm,-
226.PNG,Binary_Classification,Non-sperm,-
227.PNG,Binary_Classification,Non-sperm,-
228.PNG,Binary_Classification,Non-sperm,-
229.PNG,Binary_Classification,Non-sperm,-
230.PNG,Binary_Classification,Non-sperm,-
231.PNG,Binary_Classification,Non-sperm,-
232.PNG,Binary_Classification,Non-sperm,-
233.PNG,Binary_Classification,Non-sperm,-
234.PNG,Binary_Classification,Non-sperm,-
235.PNG,Binary_Classification,Non-sperm,-
236.PNG,Binary_Classification,Non-sperm,-
237.PNG,Binary_Classification,Non-sperm,-
238.PNG,Binary_Classification,Non-sperm,-
239.PNG,Binary_Classification,Non-sperm,-
240.PNG,Binary_Classification,Non-sperm,-
241.PNG,Binary_Classification,Non-sperm,-
242.PNG,Binary_Classification,Non-sperm,-
243.PNG,Binary_Classification,Non-sperm,-
244.PNG,Binary_Classification,Non-sperm,-
245.PNG,Binary_Classification,Non-sperm,-
246.PNG,Binary_Classification,Non-sperm,-
247.PNG,Binary_Classification,Non-sperm,-
248.PNG,Binary_Classification,Non-sperm,-
249.PNG,Binary_Classification,Non-sperm,-
250.PNG,Binary_Classification,Non-sperm,-
251.PNG,Binary_Classification,Non-sperm,-
252.PNG,Binary_Classification,Non-sperm,-
253.PNG,Binary_Classification,Non-sperm,-
254.PNG,Binary_Classification,Non-sperm,-
255.PNG,Binary_Classification,Non-sperm,-
256.PNG,Binary_Classification,Non-sperm,-
257.PNG,Binary_Classification,Non-sperm,-
258.PNG,Binary_Classification,Non-sperm,-
259.PNG,Binary_Classification,Non-sperm,-
260.PNG,Binary_Classification,Non-sperm,-
261.PNG,Binary_Classification,Non-sperm,-
262.PNG,Binary_Classification,Non-sperm,-
263.PNG,Binary_Classification,Non-sperm,-
264.PNG,Binary_Classification,Non-sperm,-
265.PNG,Binary_Classification,Non-sperm,-
266.PNG,Binary_Classification,Non-sperm,-
267.PNG,Binary_Classification,Non-sperm,-
268.PNG,Binary_Classification,Non-sperm,-
269.PNG,Binary_Classification,Non-sperm,-
270.PNG,Binary_Classification,Non-sperm,-
271.PNG,Binary_Classification,Non-sperm,-
272.PNG,Binary_Classification,Non-sperm,-
273.PNG,Binary_Classification,Non-sperm,-
274.PNG,Binary_Classification,Non-sperm,-
275.PNG,Binary_Classification,Non-sperm,-
276.PNG,Binary_Classification,Non-sperm,-
277.PNG,Binary_Classification,Non-sperm,-
278.PNG,Binary_Classification,Non-sperm,-
279.PNG,Binary_Classification,Non-sperm,-
280.PNG,Binary_Classification,Non-sperm,-
281.PNG,Binary_Classification,Non-sperm,-
282.PNG,Binary_Classification,Non-sperm,-
283.PNG,Binary_Classification,Non-sperm,-
284.PNG,Binary_Classification,Non-sperm,-
285.PNG,Binary_Classification,Non-sperm,-
286.PNG,Binary_Classification,Non-sperm,-
287.PNG,Binary_Classification,Non-sperm,-
288.PNG,Binary_Classification,Non-sperm,-
289.PNG,Binary_Classification,Non-sperm,-
290.PNG,Binary_Classification,Non-sperm,-
291.PNG,Binary_Classification,Non-sperm,-
292.PNG,Binary_Classification,Non-sperm,-
293.PNG,Binary_Classification,Non-sperm,-
294.PNG,Binary_Classification,Non-sperm,-
295.PNG,Binary_Classification,Non-sperm,-
296.PNG,Binary_Classification,Non-sperm,-
297.PNG,Binary_Classification,Non-sperm,-
298.PNG,Binary_Classification,Non-sperm,-
299.PNG,Binary_Classification,Non-sperm,-
300.PNG,Binary_Classification,Non-sperm,-
301.PNG,Binary_Classification,Non-sperm,-
302.PNG,Binary_Classification,Non-sperm,-
303.PNG,Binary_Classification,Non-sperm,-
304.PNG,Binary_Classification,Non-sperm,-
305.PNG,Binary_Classification,Non-sperm,-
306.PNG,Binary_Classification,Non-sperm,-
307.PNG,Binary_Classification,Non-sperm,-
308.PNG,Binary_Classification,Non-sperm,-
309.PNG,Binary_Classification,Non-sperm,-
310.PNG,Binary_Classification,Non-sperm,-
311.PNG,Binary_Classification,Non-sperm,-
312.PNG,Binary_Classification,Non-sperm,-
313.PNG,Binary_Classification,Non-sperm,-
314.PNG,Binary_Classification,Non-sperm,-
315.PNG,Binary_Classification,Non-sperm,-
316.PNG,Binary_Classification,Non-sperm,-
317.PNG,Binary_Classification,Non-sperm,-
318.PNG,Binary_Classification,Non-sperm,-
319.PNG,Binary_Classification,Non-sperm,-
320.PNG,Binary_Classification,Non-sperm,-
321.PNG,Binary_Classification,Non-sperm,-
322.PNG,Binary_Classification,Non-sperm,-
323.PNG,Binary_Classification,Non-sperm,-
324.PNG,Binary_Classification,Non-sperm,-
325.PNG,Binary_Classification,Non-sperm,-
326.PNG,Binary_Classification,Non-sperm,-
327.PNG,Binary_Classification,Non-sperm,-
328.PNG,Binary_Classification,Non-sperm,-
329.PNG,Binary_Classification,Non-sperm,-
330.PNG,Binary_Classification,Non-sperm,-
001.PNG,Halo_Classification,Sperm,Large Halo
002.PNG,Halo_Classification,Sperm,Large Halo
003.PNG,Halo_Classification,Sperm,Large Halo
004.PNG,Halo_Classification,Sperm,Large Halo
005.PNG,Halo_Classification,Sperm,Large Halo
006.PNG,Halo_Classification,Sperm,Large Halo
007.PNG,Halo_Classification,Sperm,Large Halo
008.PNG,Halo_Classification,Sperm,Large Halo
009.PNG,Halo_Classification,Sperm,Large Halo
010.PNG,Halo_Classification,Sperm,Large Halo
011.PNG,Halo_Classification,Sperm,Large Halo
012.PNG,Halo_Classification,Sperm,Large Halo
013.PNG,Halo_Classification,Sperm,Large Halo
014.PNG,Halo_Classification,Sperm,Large Halo
015.PNG,Halo_Classification,Sperm,Large Halo
016.PNG,Halo_Classification,Sperm,Large Halo
017.PNG,Halo_Classification,Sperm,Large Halo
018.PNG,Halo_Classification,Sperm,Large Halo
019.PNG,Halo_Classification,Sperm,Large Halo
020.PNG,Halo_Classification,Sperm,Large Halo
021.PNG,Halo_Classification,Sperm,Large Halo
022.PNG,Halo_Classification,Sperm,Large Halo
023.PNG,Halo_Classification,Sperm,Large Halo
024.PNG,Halo_Classification,Sperm,Large Halo
025.PNG,Halo_Classification,Sperm,Large Halo
026.PNG,Halo_Classification,Sperm,Large Halo
027.PNG,Halo_Classification,Sperm,Large Halo
028.PNG,Halo_Classification,Sperm,Large Halo
029.PNG,Halo_Classification,Sperm,Large Halo
030.PNG,Halo_Classification,Sperm,Large Halo
031.PNG,Halo_Classification,Sperm,Large Halo
032.PNG,Halo_Classification,Sperm,Large Halo
033.PNG,Halo_Classification,Sperm,Large Halo
034.PNG,Halo_Classification,Sperm,Large Halo
035.PNG,Halo_Classification,Sperm,Large Halo
036.PNG,Halo_Classification,Sperm,Large Halo
037.PNG,Halo_Classification,Sperm,Large Halo
038.PNG,Halo_Classification,Sperm,Large Halo
039.PNG,Halo_Classification,Sperm,Large Halo
040.PNG,Halo_Classification,Sperm,Large Halo
041.PNG,Halo_Classification,Sperm,Large Halo
042.PNG,Halo_Classification,Sperm,Large Halo
043.PNG,Halo_Classification,Sperm,Large Halo
044.PNG,Halo_Classification,Sperm,Large Halo
045.PNG,Halo_Classification,Sperm,Large Halo
046.PNG,Halo_Classification,Sperm,Large Halo
047.PNG,Halo_Classification,Sperm,Large Halo
048.PNG,Halo_Classification,Sperm,Large Halo
049.PNG,Halo_Classification,Sperm,Large Halo
050.PNG,Halo_Classification,Sperm,Large Halo
051.PNG,Halo_Classification,Sperm,Large Halo
052.PNG,Halo_Classification,Sperm,Large Halo
053.PNG,Halo_Classification,Sperm,Large Halo
054.PNG,Halo_Classification,Sperm,Large Halo
055.PNG,Halo_Classification,Sperm,Large Halo
056.PNG,Halo_Classification,Sperm,Large Halo
057.PNG,Halo_Classification,Sperm,Large Halo
058.PNG,Halo_Classification,Sperm,Large Halo
059.PNG,Halo_Classification,Sperm,Large Halo
060.PNG,Halo_Classification,Sperm,Large Halo
061.PNG,Halo_Classification,Sperm,Large Halo
062.PNG,Halo_Classification,Sperm,Large Halo
063.PNG,Halo_Classification,Sperm,Large Halo
064.PNG,Halo_Classification,Sperm,Large Halo
065.PNG,Halo_Classification,Sperm,Large Halo
066.PNG,Halo_Classification,Sperm,Large Halo
067.PNG,Halo_Classification,Sperm,Large Halo
068.PNG,Halo_Classification,Sperm,Large Halo
069.PNG,Halo_Classification,Sperm,Large Halo
070.PNG,Halo_Classification,Sperm,Large Halo
071.PNG,Halo_Classification,Sperm,Large Halo
072.PNG,Halo_Classification,Sperm,Large Halo
073.PNG,Halo_Classification,Sperm,Large Halo
074.PNG,Halo_Classification,Sperm,Large Halo
075.PNG,Halo_Classification,Sperm,Large Halo
076.PNG,Halo_Classification,Sperm,Large Halo
077.PNG,Halo_Classification,Sperm,Large Halo
078.PNG,Halo_Classification,Sperm,Large Halo
079.PNG,Halo_Classification,Sperm,Large Halo
080.PNG,Halo_Classification,Sperm,Large Halo
081.PNG,Halo_Classification,Sperm,Large Halo
082.PNG,Halo_Classification,Sperm,Large Halo
083.PNG,Halo_Classification,Sperm,Large Halo
084.PNG,Halo_Classification,Sperm,Large Halo
085.PNG,Halo_Classification,Sperm,Large Halo
086.PNG,Halo_Classification,Sperm,Large Halo
087.PNG,Halo_Classification,Sperm,Large Halo
088.PNG,Halo_Classification,Sperm,Large Halo
089.PNG,Halo_Classification,Sperm,Large Halo
090.PNG,Halo_Classification,Sperm,Large Halo
091.PNG,Halo_Classification,Sperm,Large Halo
092.PNG,Halo_Classification,Sperm,Large Halo
093.PNG,Halo_Classification,Sperm,Large Halo
094.PNG,Halo_Classification,Sperm,Large Halo
095.PNG,Halo_Classification,Sperm,Large Halo
096.PNG,Halo_Classification,Sperm,Large Halo
097.PNG,Halo_Classification,Sperm,Large Halo
098.PNG,Halo_Classification,Sperm,Large Halo
099.PNG,Halo_Classification,Sperm,Large Halo
100.PNG,Halo_Classification,Sperm,Large Halo
101.PNG,Halo_Classification,Sperm,Large Halo
102.PNG,Halo_Classification,Sperm,Large Halo
103.PNG,Halo_Classification,Sperm,Large Halo
001.PNG,Halo_Classification,Sperm,Medium Halo
002.PNG,Halo_Classification,Sperm,Medium Halo
003.PNG,Halo_Classification,Sperm,Medium Halo
004.PNG,Halo_Classification,Sperm,Medium Halo
005.PNG,Halo_Classification,Sperm,Medium Halo
006.PNG,Halo_Classification,Sperm,Medium Halo
007.PNG,Halo_Classification,Sperm,Medium Halo
008.PNG,Halo_Classification,Sperm,Medium Halo
009.PNG,Halo_Classification,Sperm,Medium Halo
010.PNG,Halo_Classification,Sperm,Medium Halo
011.PNG,Halo_Classification,Sperm,Medium Halo
012.PNG,Halo_Classification,Sperm,Medium Halo
013.PNG,Halo_Classification,Sperm,Medium Halo
014.PNG,Halo_Classification,Sperm,Medium Halo
015.PNG,Halo_Classification,Sperm,Medium Halo
016.PNG,Halo_Classification,Sperm,Medium Halo
017.PNG,Halo_Classification,Sperm,Medium Halo
018.PNG,Halo_Classification,Sperm,Medium Halo
019.PNG,Halo_Classification,Sperm,Medium Halo
020.PNG,Halo_Classification,Sperm,Medium Halo
021.PNG,Halo_Classification,Sperm,Medium Halo
022.PNG,Halo_Classification,Sperm,Medium Halo
023.PNG,Halo_Classification,Sperm,Medium Halo
024.PNG,Halo_Classification,Sperm,Medium Halo
025.PNG,Halo_Classification,Sperm,Medium Halo
026.PNG,Halo_Classification,Sperm,Medium Halo
027.PNG,Halo_Classification,Sperm,Medium Halo
028.PNG,Halo_Classification,Sperm,Medium Halo
029.PNG,Halo_Classification,Sperm,Medium Halo
030.PNG,Halo_Classification,Sperm,Medium Halo
031.PNG,Halo_Classification,Sperm,Medium Halo
032.PNG,Halo_Classification,Sperm,Medium Halo
033.PNG,Halo_Classification,Sperm,Medium Halo
034.PNG,Halo_Classification,Sperm,Medium Halo
035.PNG,Halo_Classification,Sperm,Medium Halo
036.PNG,Halo_Classification,Sperm,Medium Halo
037.PNG,Halo_Classification,Sperm,Medium Halo
038.PNG,Halo_Classification,Sperm,Medium Halo
039.PNG,Halo_Classification,Sperm,Medium Halo
040.PNG,Halo_Classification,Sperm,Medium Halo
041.PNG,Halo_Classification,Sperm,Medium Halo
042.PNG,Halo_Classification,Sperm,Medium Halo
043.PNG,Halo_Classification,Sperm,Medium Halo
044.PNG,Halo_Classification,Sperm,Medium Halo
045.PNG,Halo_Classification,Sperm,Medium Halo
046.PNG,Halo_Classification,Sperm,Medium Halo
047.PNG,Halo_Classification,Sperm,Medium Halo
048.PNG,Halo_Classification,Sperm,Medium Halo
049.PNG,Halo_Classification,Sperm,Medium Halo
050.PNG,Halo_Classification,Sperm,Medium Halo
051.PNG,Halo_Classification,Sperm,Medium Halo
052.PNG,Halo_Classification,Sperm,Medium Halo
053.PNG,Halo_Classification,Sperm,Medium Halo
054.PNG,Halo_Classification,Sperm,Medium Halo
055.PNG,Halo_Classification,Sperm,Medium Halo
056.PNG,Halo_Classification,Sperm,Medium Halo
057.PNG,Halo_Classification,Sperm,Medium Halo
058.PNG,Halo_Classification,Sperm,Medium Halo
059.PNG,Halo_Classification,Sperm,Medium Halo
060.PNG,Halo_Classification,Sperm,Medium Halo
061.PNG,Halo_Classification,Sperm,Medium Halo
062.PNG,Halo_Classification,Sperm,Medium Halo
063.PNG,Halo_Classification,Sperm,Medium Halo
064.PNG,Halo_Classification,Sperm,Medium Halo
065.PNG,Halo_Classification,Sperm,Medium Halo
066.PNG,Halo_Classification,Sperm,Medium Halo
067.PNG,Halo_Classification,Sperm,Medium Halo
068.PNG,Halo_Classification,Sperm,Medium Halo
069.PNG,Halo_Classification,Sperm,Medium Halo
070.PNG,Halo_Classification,Sperm,Medium Halo
071.PNG,Halo_Classification,Sperm,Medium Halo
072.PNG,Halo_Classification,Sperm,Medium Halo
073.PNG,Halo_Classification,Sperm,Medium Halo
074.PNG,Halo_Classification,Sperm,Medium Halo
075.PNG,Halo_Classification,Sperm,Medium Halo
076.PNG,Halo_Classification,Sperm,Medium Halo
077.PNG,Halo_Classification,Sperm,Medium Halo
078.PNG,Halo_Classification,Sperm,Medium Halo
079.PNG,Halo_Classification,Sperm,Medium Halo
080.PNG,Halo_Classification,Sperm,Medium Halo
081.PNG,Halo_Classification,Sperm,Medium Halo
082.PNG,Halo_Classification,Sperm,Medium Halo
083.PNG,Halo_Classification,Sperm,Medium Halo
084.PNG,Halo_Classification,Sperm,Medium Halo
085.PNG,Halo_Classification,Sperm,Medium Halo
086.PNG,Halo_Classification,Sperm,Medium Halo
087.PNG,Halo_Classification,Sperm,Medium Halo
088.PNG,Halo_Classification,Sperm,Medium Halo
089.PNG,Halo_Classification,Sperm,Medium Halo
090.PNG,Halo_Classification,Sperm,Medium Halo
091.PNG,Halo_Classification,Sperm,Medium Halo
092.PNG,Halo_Classification,Sperm,Medium Halo
093.PNG,Halo_Classification,Sperm,Medium Halo
094.PNG,Halo_Classification,Sperm,Medium Halo
095.PNG,Halo_Classification,Sperm,Medium Halo
096.PNG,Halo_Classification,Sperm,Medium Halo
097.PNG,Halo_Classification,Sperm,Medium Halo
098.PNG,Halo_Classification,Sperm,Medium Halo
099.PNG,Halo_Classification,Sperm,Medium Halo
100.PNG,Halo_Classification,Sperm,Medium Halo
101.PNG,Halo_Classification,Sperm,Medium Halo
102.PNG,Halo_Classification,Sperm,Medium Halo
103.PNG,Halo_Classification,Sperm,Medium Halo
104.PNG,Halo_Classification,Sperm,Medium Halo
105.PNG,Halo_Classification,Sperm,Medium Halo
106.PNG,Halo_Classification,Sperm,Medium Halo
107.PNG,Halo_Classification,Sperm,Medium Halo
01.PNG,Halo_Classification,Sperm,Small Halo
02.PNG,Halo_Classification,Sperm,Small Halo
03.PNG,Halo_Classification,Sperm,Small Halo
04.PNG,Halo_Classification,Sperm,Small Halo
05.PNG,Halo_Classification,Sperm,Small Halo
06.PNG,Halo_Classification,Sperm,Small Halo
07.PNG,Halo_Classification,Sperm,Small Halo
08.PNG,Halo_Classification,Sperm,Small Halo
09.PNG,Halo_Classification,Sperm,Small Halo
10.PNG,Halo_Classification,Sperm,Small Halo
11.PNG,Halo_Classification,Sperm,Small Halo
12.PNG,Halo_Classification,Sperm,Small Halo
13.PNG,Halo_Classification,Sperm,Small Halo
14.PNG,Halo_Classification,Sperm,Small Halo
15.PNG,Halo_Classification,Sperm,Small Halo
16.PNG,Halo_Classification,Sperm,Small Halo
17.PNG,Halo_Classification,Sperm,Small Halo
18.PNG,Halo_Classification,Sperm,Small Halo
19.PNG,Halo_Classification,Sperm,Small Halo
20.PNG,Halo_Classification,Sperm,Small Halo
21.PNG,Halo_Classification,Sperm,Small Halo
22.PNG,Halo_Classification,Sperm,Small Halo
23.PNG,Halo_Classification,Sperm,Small Halo
24.PNG,Halo_Classification,Sperm,Small Halo
25.PNG,Halo_Classification,Sperm,Small Halo
26.PNG,Halo_Classification,Sperm,Small Halo
27.PNG,Halo_Classification,Sperm,Small Halo
28.PNG,Halo_Classification,Sperm,Small Halo
29.PNG,Halo_Classification,Sperm,Small Halo
30.PNG,Halo_Classification,Sperm,Small Halo
31.PNG,Halo_Classification,Sperm,Small Halo
32.PNG,Halo_Classification,Sperm,Small Halo
33.PNG,Halo_Classification,Sperm,Small Halo
34.PNG,Halo_Classification,Sperm,Small Halo
35.PNG,Halo_Classification,Sperm,Small Halo
36.PNG,Halo_Classification,Sperm,Small Halo
37.PNG,Halo_Classification,Sperm,Small Halo
38.PNG,Halo_Classification,Sperm,Small Halo
39.PNG,Halo_Classification,Sperm,Small Halo
40.PNG,Halo_Classification,Sperm,Small Halo
41.PNG,Halo_Classification,Sperm,Small Halo
42.PNG,Halo_Classification,Sperm,Small Halo
43.PNG,Halo_Classification,Sperm,Small Halo
44.PNG,Halo_Classification,Sperm,Small Halo
45.PNG,Halo_Classification,Sperm,Small Halo
46.PNG,Halo_Classification,Sperm,Small Halo
47.PNG,Halo_Classification,Sperm,Small Halo
48.PNG,Halo_Classification,Sperm,Small Halo
49.PNG,Halo_Classification,Sperm,Small Halo
50.PNG,Halo_Classification,Sperm,Small Halo
51.PNG,Halo_Classification,Sperm,Small Halo
52.PNG,Halo_Classification,Sperm,Small Halo
53.PNG,Halo_Classification,Sperm,Small Halo
54.PNG,Halo_Classification,Sperm,Small Halo
55.PNG,Halo_Classification,Sperm,Small Halo
56.PNG,Halo_Classification,Sperm,Small Halo
57.PNG,Halo_Classification,Sperm,Small Halo
58.PNG,Halo_Classification,Sperm,Small Halo
59.PNG,Halo_Classification,Sperm,Small Halo
60.PNG,Halo_Classification,Sperm,Small Halo
61.PNG,Halo_Classification,Sperm,Small Halo
62.PNG,Halo_Classification,Sperm,Small Halo
63.PNG,Halo_Classification,Sperm,Small Halo
64.PNG,Halo_Classification,Sperm,Small Halo
65.PNG,Halo_Classification,Sperm,Small Halo
66.PNG,Halo_Classification,Sperm,Small Halo
67.PNG,Halo_Classification,Sperm,Small Halo
68.PNG,Halo_Classification,Sperm,Small Halo
69.PNG,Halo_Classification,Sperm,Small Halo
70.PNG,Halo_Classification,Sperm,Small Halo
71.PNG,Halo_Classification,Sperm,Small Halo
72.PNG,Halo_Classification,Sperm,Small Halo
73.PNG,Halo_Classification,Sperm,Small Halo
74.PNG,Halo_Classification,Sperm,Small Halo
75.PNG,Halo_Classification,Sperm,Small Halo
76.PNG,Halo_Classification,Sperm,Small Halo
77.PNG,Halo_Classification,Sperm,Small Halo
78.PNG,Halo_Classification,Sperm,Small Halo
79.PNG,Halo_Classification,Sperm,Small Halo
80.PNG,Halo_Classification,Sperm,Small Halo
81.PNG,Halo_Classification,Sperm,Small Halo
82.PNG,Halo_Classification,Sperm,Small Halo
83.PNG,Halo_Classification,Sperm,Small Halo
84.PNG,Halo_Classification,Sperm,Small Halo
85.PNG,Halo_Classification,Sperm,Small Halo
86.PNG,Halo_Classification,Sperm,Small Halo
87.PNG,Halo_Classification,Sperm,Small Halo
88.PNG,Halo_Classification,Sperm,Small Halo
89.PNG,Halo_Classification,Sperm,Small Halo
90.PNG,Halo_Classification,Sperm,Small Halo
91.PNG,Halo_Classification,Sperm,Small Halo
92.PNG,Halo_Classification,Sperm,Small Halo
001.PNG,Halo_Classification,Sperm,Without Halo
002.PNG,Halo_Classification,Sperm,Without Halo
003.PNG,Halo_Classification,Sperm,Without Halo
004.PNG,Halo_Classification,Sperm,Without Halo
005.PNG,Halo_Classification,Sperm,Without Halo
006.PNG,Halo_Classification,Sperm,Without Halo
007.PNG,Halo_Classification,Sperm,Without Halo
008.PNG,Halo_Classification,Sperm,Without Halo
009.PNG,Halo_Classification,Sperm,Without Halo
010.PNG,Halo_Classification,Sperm,Without Halo
011.PNG,Halo_Classification,Sperm,Without Halo
012.PNG,Halo_Classification,Sperm,Without Halo
013.PNG,Halo_Classification,Sperm,Without Halo
014.PNG,Halo_Classification,Sperm,Without Halo
015.PNG,Halo_Classification,Sperm,Without Halo
016.PNG,Halo_Classification,Sperm,Without Halo
017.PNG,Halo_Classification,Sperm,Without Halo
018.PNG,Halo_Classification,Sperm,Without Halo
019.PNG,Halo_Classification,Sperm,Without Halo
020.PNG,Halo_Classification,Sperm,Without Halo
021.PNG,Halo_Classification,Sperm,Without Halo
022.PNG,Halo_Classification,Sperm,Without Halo
023.PNG,Halo_Classification,Sperm,Without Halo
024.PNG,Halo_Classification,Sperm,Without Halo
025.PNG,Halo_Classification,Sperm,Without Halo
026.PNG,Halo_Classification,Sperm,Without Halo
027.PNG,Halo_Classification,Sperm,Without Halo
028.PNG,Halo_Classification,Sperm,Without Halo
029.PNG,Halo_Classification,Sperm,Without Halo
030.PNG,Halo_Classification,Sperm,Without Halo
031.PNG,Halo_Classification,Sperm,Without Halo
032.PNG,Halo_Classification,Sperm,Without Halo
033.PNG,Halo_Classification,Sperm,Without Halo
034.PNG,Halo_Classification,Sperm,Without Halo
035.PNG,Halo_Classification,Sperm,Without Halo
036.PNG,Halo_Classification,Sperm,Without Halo
037.PNG,Halo_Classification,Sperm,Without Halo
038.PNG,Halo_Classification,Sperm,Without Halo
039.PNG,Halo_Classification,Sperm,Without Halo
040.PNG,Halo_Classification,Sperm,Without Halo
041.PNG,Halo_Classification,Sperm,Without Halo
042.PNG,Halo_Classification,Sperm,Without Halo
043.PNG,Halo_Classification,Sperm,Without Halo
044.PNG,Halo_Classification,Sperm,Without Halo
045.PNG,Halo_Classification,Sperm,Without Halo
046.PNG,Halo_Classification,Sperm,Without Halo
047.PNG,Halo_Classification,Sperm,Without Halo
048.PNG,Halo_Classification,Sperm,Without Halo
049.PNG,Halo_Classification,Sperm,Without Halo
050.PNG,Halo_Classification,Sperm,Without Halo
051.PNG,Halo_Classification,Sperm,Without Halo
052.PNG,Halo_Classification,Sperm,Without Halo
053.PNG,Halo_Classification,Sperm,Without Halo
054.PNG,Halo_Classification,Sperm,Without Halo
055.PNG,Halo_Classification,Sperm,Without Halo
056.PNG,Halo_Classification,Sperm,Without Halo
057.PNG,Halo_Classification,Sperm,Without Halo
058.PNG,Halo_Classification,Sperm,Without Halo
059.PNG,Halo_Classification,Sperm,Without Halo
060.PNG,Halo_Classification,Sperm,Without Halo
061.PNG,Halo_Classification,Sperm,Without Halo
062.PNG,Halo_Classification,Sperm,Without Halo
063.PNG,Halo_Classification,Sperm,Without Halo
064.PNG,Halo_Classification,Sperm,Without Halo
065.PNG,Halo_Classification,Sperm,Without Halo
066.PNG,Halo_Classification,Sperm,Without Halo
067.PNG,Halo_Classification,Sperm,Without Halo
068.PNG,Halo_Classification,Sperm,Without Halo
069.PNG,Halo_Classification,Sperm,Without Halo
070.PNG,Halo_Classification,Sperm,Without Halo
071.PNG,Halo_Classification,Sperm,Without Halo
072.PNG,Halo_Classification,Sperm,Without Halo
073.PNG,Halo_Classification,Sperm,Without Halo
074.PNG,Halo_Classification,Sperm,Without Halo
075.PNG,Halo_Classification,Sperm,Without Halo
076.PNG,Halo_Classification,Sperm,Without Halo
077.PNG,Halo_Classification,Sperm,Without Halo
078.PNG,Halo_Classification,Sperm,Without Halo
079.PNG,Halo_Classification,Sperm,Without Halo
080.PNG,Halo_Classification,Sperm,Without Halo
081.PNG,Halo_Classification,Sperm,Without Halo
082.PNG,Halo_Classification,Sperm,Without Halo
083.PNG,Halo_Classification,Sperm,Without Halo
084.PNG,Halo_Classification,Sperm,Without Halo
085.PNG,Halo_Classification,Sperm,Without Halo
086.PNG,Halo_Classification,Sperm,Without Halo
087.PNG,Halo_Classification,Sperm,Without Halo
088.PNG,Halo_Classification,Sperm,Without Halo
089.PNG,Halo_Classification,Sperm,Without Halo
090.PNG,Halo_Classification,Sperm,Without Halo
091.PNG,Halo_Classification,Sperm,Without Halo
092.PNG,Halo_Classification,Sperm,Without Halo
093.PNG,Halo_Classification,Sperm,Without Halo
094.PNG,Halo_Classification,Sperm,Without Halo
095.PNG,Halo_Classification,Sperm,Without Halo
096.PNG,Halo_Classification,Sperm,Without Halo
097.PNG,Halo_Classification,Sperm,Without Halo
098.PNG,Halo_Classification,Sperm,Without Halo
099.PNG,Halo_Classification,Sperm,Without Halo
100.PNG,Halo_Classification,Sperm,Without Halo
101.PNG,Halo_Classification,Sperm,Without Halo
001.PNG,Halo_Classification,Non-sperm,-
002.PNG,Halo_Classification,Non-sperm,-
003.PNG,Halo_Classification,Non-sperm,-
004.PNG,Halo_Classification,Non-sperm,-
005.PNG,Halo_Classification,Non-sperm,-
006.PNG,Halo_Classification,Non-sperm,-
007.PNG,Halo_Classification,Non-sperm,-
008.PNG,Halo_Classification,Non-sperm,-
009.PNG,Halo_Classification,Non-sperm,-
010.PNG,Halo_Classification,Non-sperm,-
011.PNG,Halo_Classification,Non-sperm,-
012.PNG,Halo_Classification,Non-sperm,-
013.PNG,Halo_Classification,Non-sperm,-
014.PNG,Halo_Classification,Non-sperm,-
015.PNG,Halo_Classification,Non-sperm,-
016.PNG,Halo_Classification,Non-sperm,-
017.PNG,Halo_Classification,Non-sperm,-
018.PNG,Halo_Classification,Non-sperm,-
019.PNG,Halo_Classification,Non-sperm,-
020.PNG,Halo_Classification,Non-sperm,-
021.PNG,Halo_Classification,Non-sperm,-
022.PNG,Halo_Classification,Non-sperm,-
023.PNG,Halo_Classification,Non-sperm,-
024.PNG,Halo_Classification,Non-sperm,-
025.PNG,Halo_Classification,Non-sperm,-
026.PNG,Halo_Classification,Non-sperm,-
027.PNG,Halo_Classification,Non-sperm,-
028.PNG,Halo_Classification,Non-sperm,-
029.PNG,Halo_Classification,Non-sperm,-
030.PNG,Halo_Classification,Non-sperm,-
031.PNG,Halo_Classification,Non-sperm,-
032.PNG,Halo_Classification,Non-sperm,-
033.PNG,Halo_Classification,Non-sperm,-
034.PNG,Halo_Classification,Non-sperm,-
035.PNG,Halo_Classification,Non-sperm,-
036.PNG,Halo_Classification,Non-sperm,-
037.PNG,Halo_Classification,Non-sperm,-
038.PNG,Halo_Classification,Non-sperm,-
039.PNG,Halo_Classification,Non-sperm,-
040.PNG,Halo_Classification,Non-sperm,-
041.PNG,Halo_Classification,Non-sperm,-
042.PNG,Halo_Classification,Non-sperm,-
043.PNG,Halo_Classification,Non-sperm,-
044.PNG,Halo_Classification,Non-sperm,-
045.PNG,Halo_Classification,Non-sperm,-
046.PNG,Halo_Classification,Non-sperm,-
047.PNG,Halo_Classification,Non-sperm,-
048.PNG,Halo_Classification,Non-sperm,-
049.PNG,Halo_Classification,Non-sperm,-
050.PNG,Halo_Classification,Non-sperm,-
051.PNG,Halo_Classification,Non-sperm,-
052.PNG,Halo_Classification,Non-sperm,-
053.PNG,Halo_Classification,Non-sperm,-
054.PNG,Halo_Classification,Non-sperm,-
055.PNG,Halo_Classification,Non-sperm,-
056.PNG,Halo_Classification,Non-sperm,-
057.PNG,Halo_Classification,Non-sperm,-
058.PNG,Halo_Classification,Non-sperm,-
059.PNG,Halo_Classification,Non-sperm,-
060.PNG,Halo_Classification,Non-sperm,-
061.PNG,Halo_Classification,Non-sperm,-
062.PNG,Halo_Classification,Non-sperm,-
063.PNG,Halo_Classification,Non-sperm,-
064.PNG,Halo_Classification,Non-sperm,-
065.PNG,Halo_Classification,Non-sperm,-
066.PNG,Halo_Classification,Non-sperm,-
067.PNG,Halo_Classification,Non-sperm,-
068.PNG,Halo_Classification,Non-sperm,-
069.PNG,Halo_Classification,Non-sperm,-
070.PNG,Halo_Classification,Non-sperm,-
071.PNG,Halo_Classification,Non-sperm,-
072.PNG,Halo_Classification,Non-sperm,-
073.PNG,Halo_Classification,Non-sperm,-
074.PNG,Halo_Classification,Non-sperm,-
075.PNG,Halo_Classification,Non-sperm,-
076.PNG,Halo_Classification,Non-sperm,-
077.PNG,Halo_Classification,Non-sperm,-
078.PNG,Halo_Classification,Non-sperm,-
079.PNG,Halo_Classification,Non-sperm,-
080.PNG,Halo_Classification,Non-sperm,-
081.PNG,Halo_Classification,Non-sperm,-
082.PNG,Halo_Classification,Non-sperm,-
083.PNG,Halo_Classification,Non-sperm,-
084.PNG,Halo_Classification,Non-sperm,-
085.PNG,Halo_Classification,Non-sperm,-
086.PNG,Halo_Classification,Non-sperm,-
087.PNG,Halo_Classification,Non-sperm,-
088.PNG,Halo_Classification,Non-sperm,-
089.PNG,Halo_Classification,Non-sperm,-
090.PNG,Halo_Classification,Non-sperm,-
091.PNG,Halo_Classification,Non-sperm,-
092.PNG,Halo_Classification,Non-sperm,-
093.PNG,Halo_Classification,Non-sperm,-
094.PNG,Halo_Classification,Non-sperm,-
095.PNG,Halo_Classification,Non-sperm,-
096.PNG,Halo_Classification,Non-sperm,-
097.PNG,Halo_Classification,Non-sperm,-
098.PNG,Halo_Classification,Non-sperm,-
099.PNG,Halo_Classification,Non-sperm,-
100.PNG,Halo_Classification,Non-sperm,-
101.PNG,Halo_Classification,Non-sperm,-
102.PNG,Halo_Classification,Non-sperm,-
103.PNG,Halo_Classification,Non-sperm,-
104.PNG,Halo_Classification,Non-sperm,-
105.PNG,Halo_Classification,Non-sperm,-
106.PNG,Halo_Classification,Non-sperm,-
107.PNG,Halo_Classification,Non-sperm,-
108.PNG,Halo_Classification,Non-sperm,-
109.PNG,Halo_Classification,Non-sperm,-
110.PNG,Halo_Classification,Non-sperm,-
111.PNG,Halo_Classification,Non-sperm,-
112.PNG,Halo_Classification,Non-sperm,-
113.PNG,Halo_Classification,Non-sperm,-
114.PNG,Halo_Classification,Non-sperm,-
115.PNG,Halo_Classification,Non-sperm,-
116.PNG,Halo_Classification,Non-sperm,-
117.PNG,Halo_Classification,Non-sperm,-
118.PNG,Halo_Classification,Non-sperm,-
119.PNG,Halo_Classification,Non-sperm,-
120.PNG,Halo_Classification,Non-sperm,-
121.PNG,Halo_Classification,Non-sperm,-
122.PNG,Halo_Classification,Non-sperm,-
123.PNG,Halo_Classification,Non-sperm,-
124.PNG,Halo_Classification,Non-sperm,-
125.PNG,Halo_Classification,Non-sperm,-
126.PNG,Halo_Classification,Non-sperm,-
127.PNG,Halo_Classification,Non-sperm,-
128.PNG,Halo_Classification,Non-sperm,-
129.PNG,Halo_Classification,Non-sperm,-
130.PNG,Halo_Classification,Non-sperm,-
131.PNG,Halo_Classification,Non-sperm,-
132.PNG,Halo_Classification,Non-sperm,-
133.PNG,Halo_Classification,Non-sperm,-
134.PNG,Halo_Classification,Non-sperm,-
135.PNG,Halo_Classification,Non-sperm,-
136.PNG,Halo_Classification,Non-sperm,-
137.PNG,Halo_Classification,Non-sperm,-
138.PNG,Halo_Classification,Non-sperm,-
139.PNG,Halo_Classification,Non-sperm,-
140.PNG,Halo_Classification,Non-sperm,-
141.PNG,Halo_Classification,Non-sperm,-
142.PNG,Halo_Classification,Non-sperm,-
143.PNG,Halo_Classification,Non-sperm,-
144.PNG,Halo_Classification,Non-sperm,-
145.PNG,Halo_Classification,Non-sperm,-
146.PNG,Halo_Classification,Non-sperm,-
147.PNG,Halo_Classification,Non-sperm,-
148.PNG,Halo_Classification,Non-sperm,-
149.PNG,Halo_Classification,Non-sperm,-
150.PNG,Halo_Classification,Non-sperm,-
151.PNG,Halo_Classification,Non-sperm,-
152.PNG,Halo_Classification,Non-sperm,-
153.PNG,Halo_Classification,Non-sperm,-
154.PNG,Halo_Classification,Non-sperm,-
155.PNG,Halo_Classification,Non-sperm,-
156.PNG,Halo_Classification,Non-sperm,-
157.PNG,Halo_Classification,Non-sperm,-
158.PNG,Halo_Classification,Non-sperm,-
159.PNG,Halo_Classification,Non-sperm,-
160.PNG,Halo_Classification,Non-sperm,-
161.PNG,Halo_Classification,Non-sperm,-
162.PNG,Halo_Classification,Non-sperm,-
163.PNG,Halo_Classification,Non-sperm,-
164.PNG,Halo_Classification,Non-sperm,-
165.PNG,Halo_Classification,Non-sperm,-
166.PNG,Halo_Classification,Non-sperm,-
167.PNG,Halo_Classification,Non-sperm,-
168.PNG,Halo_Classification,Non-sperm,-
169.PNG,Halo_Classification,Non-sperm,-
170.PNG,Halo_Classification,Non-sperm,-
171.PNG,Halo_Classification,Non-sperm,-
172.PNG,Halo_Classification,Non-sperm,-
173.PNG,Halo_Classification,Non-sperm,-
174.PNG,Halo_Classification,Non-sperm,-
175.PNG,Halo_Classification,Non-sperm,-
176.PNG,Halo_Classification,Non-sperm,-
177.PNG,Halo_Classification,Non-sperm,-
178.PNG,Halo_Classification,Non-sperm,-
179.PNG,Halo_Classification,Non-sperm,-
180.PNG,Halo_Classification,Non-sperm,-
181.PNG,Halo_Classification,Non-sperm,-
182.PNG,Halo_Classification,Non-sperm,-
183.PNG,Halo_Classification,Non-sperm,-
184.PNG,Halo_Classification,Non-sperm,-
185.PNG,Halo_Classification,Non-sperm,-
186.PNG,Halo_Classification,Non-sperm,-
187.PNG,Halo_Classification,Non-sperm,-
188.PNG,Halo_Classification,Non-sperm,-
189.PNG,Halo_Classification,Non-sperm,-
190.PNG,Halo_Classification,Non-sperm,-
191.PNG,Halo_Classification,Non-sperm,-
192.PNG,Halo_Classification,Non-sperm,-
193.PNG,Halo_Classification,Non-sperm,-
194.PNG,Halo_Classification,Non-sperm,-
195.PNG,Halo_Classification,Non-sperm,-
196.PNG,Halo_Classification,Non-sperm,-
197.PNG,Halo_Classification,Non-sperm,-
198.PNG,Halo_Classification,Non-sperm,-
199.PNG,Halo_Classification,Non-sperm,-
200.PNG,Halo_Classification,Non-sperm,-
201.PNG,Halo_Classification,Non-sperm,-
202.PNG,Halo_Classification,Non-sperm,-
203.PNG,Halo_Classification,Non-sperm,-
204.PNG,Halo_Classification,Non-sperm,-
205.PNG,Halo_Classification,Non-sperm,-
206.PNG,Halo_Classification,Non-sperm,-
207.PNG,Halo_Classification,Non-sperm,-
208.PNG,Halo_Classification,Non-sperm,-
209.PNG,Halo_Classification,Non-sperm,-
210.PNG,Halo_Classification,Non-sperm,-
211.PNG,Halo_Classification,Non-sperm,-
212.PNG,Halo_Classification,Non-sperm,-
213.PNG,Halo_Classification,Non-sperm,-
214.PNG,Halo_Classification,Non-sperm,-
215.PNG,Halo_Classification,Non-sperm,-
216.PNG,Halo_Classification,Non-sperm,-
217.PNG,Halo_Classification,Non-sperm,-
218.PNG,Halo_Classification,Non-sperm,-
219.PNG,Halo_Classification,Non-sperm,-
220.PNG,Halo_Classification,Non-sperm,-
221.PNG,Halo_Classification,Non-sperm,-
222.PNG,Halo_Classification,Non-sperm,-
223.PNG,Halo_Classification,Non-sperm,-
224.PNG,Halo_Classification,Non-sperm,-
225.PNG,Halo_Classification,Non-sperm,-
226.PNG,Halo_Classification,Non-sperm,-
227.PNG,Halo_Classification,Non-sperm,-
228.PNG,Halo_Classification,Non-sperm,-
229.PNG,Halo_Classification,Non-sperm,-
230.PNG,Halo_Classification,Non-sperm,-
231.PNG,Halo_Classification,Non-sperm,-
232.PNG,Halo_Classification,Non-sperm,-
233.PNG,Halo_Classification,Non-sperm,-
234.PNG,Halo_Classification,Non-sperm,-
235.PNG,Halo_Classification,Non-sperm,-
236.PNG,Halo_Classification,Non-sperm,-
237.PNG,Halo_Classification,Non-sperm,-
238.PNG,Halo_Classification,Non-sperm,-
239.PNG,Halo_Classification,Non-sperm,-
240.PNG,Halo_Classification,Non-sperm,-
241.PNG,Halo_Classification,Non-sperm,-
242.PNG,Halo_Classification,Non-sperm,-
243.PNG,Halo_Classification,Non-sperm,-
244.PNG,Halo_Classification,Non-sperm,-
245.PNG,Halo_Classification,Non-sperm,-
246.PNG,Halo_Classification,Non-sperm,-
247.PNG,Halo_Classification,Non-sperm,-
248.PNG,Halo_Classification,Non-sperm,-
249.PNG,Halo_Classification,Non-sperm,-
250.PNG,Halo_Classification,Non-sperm,-
251.PNG,Halo_Classification,Non-sperm,-
252.PNG,Halo_Classification,Non-sperm,-
253.PNG,Halo_Classification,Non-sperm,-
254.PNG,Halo_Classification,Non-sperm,-
255.PNG,Halo_Classification,Non-sperm,-
256.PNG,Halo_Classification,Non-sperm,-
257.PNG,Halo_Classification,Non-sperm,-
258.PNG,Halo_Classification,Non-sperm,-
259.PNG,Halo_Classification,Non-sperm,-
260.PNG,Halo_Classification,Non-sperm,-
261.PNG,Halo_Classification,Non-sperm,-
262.PNG,Halo_Classification,Non-sperm,-
263.PNG,Halo_Classification,Non-sperm,-
264.PNG,Halo_Classification,Non-sperm,-
265.PNG,Halo_Classification,Non-sperm,-
266.PNG,Halo_Classification,Non-sperm,-
267.PNG,Halo_Classification,Non-sperm,-
268.PNG,Halo_Classification,Non-sperm,-
269.PNG,Halo_Classification,Non-sperm,-
270.PNG,Halo_Classification,Non-sperm,-
271.PNG,Halo_Classification,Non-sperm,-
272.PNG,Halo_Classification,Non-sperm,-
273.PNG,Halo_Classification,Non-sperm,-
274.PNG,Halo_Classification,Non-sperm,-
275.PNG,Halo_Classification,Non-sperm,-
276.PNG,Halo_Classification,Non-sperm,-
277.PNG,Halo_Classification,Non-sperm,-
278.PNG,Halo_Classification,Non-sperm,-
279.PNG,Halo_Classification,Non-sperm,-
280.PNG,Halo_Classification,Non-sperm,-
281.PNG,Halo_Classification,Non-sperm,-
282.PNG,Halo_Classification,Non-sperm,-
283.PNG,Halo_Classification,Non-sperm,-
284.PNG,Halo_Classification,Non-sperm,-
285.PNG,Halo_Classification,Non-sperm,-
286.PNG,Halo_Classification,Non-sperm,-
287.PNG,Halo_Classification,Non-sperm,-
288.PNG,Halo_Classification,Non-sperm,-
289.PNG,Halo_Classification,Non-sperm,-
290.PNG,Halo_Classification,Non-sperm,-
291.PNG,Halo_Classification,Non-sperm,-
292.PNG,Halo_Classification,Non-sperm,-
293.PNG,Halo_Classification,Non-sperm,-
294.PNG,Halo_Classification,Non-sperm,-
295.PNG,Halo_Classification,Non-sperm,-
296.PNG,Halo_Classification,Non-sperm,-
297.PNG,Halo_Classification,Non-sperm,-
298.PNG,Halo_Classification,Non-sperm,-
299.PNG,Halo_Classification,Non-sperm,-
300.PNG,Halo_Classification,Non-sperm,-
301.PNG,Halo_Classification,Non-sperm,-
302.PNG,Halo_Classification,Non-sperm,-
303.PNG,Halo_Classification,Non-sperm,-
304.PNG,Halo_Classification,Non-sperm,-
305.PNG,Halo_Classification,Non-sperm,-
306.PNG,Halo_Classification,Non-sperm,-
307.PNG,Halo_Classification,Non-sperm,-
308.PNG,Halo_Classification,Non-sperm,-
309.PNG,Halo_Classification,Non-sperm,-
310.PNG,Halo_Classification,Non-sperm,-
311.PNG,Halo_Classification,Non-sperm,-
312.PNG,Halo_Classification,Non-sperm,-
313.PNG,Halo_Classification,Non-sperm,-
314.PNG,Halo_Classification,Non-sperm,-
315.PNG,Halo_Classification,Non-sperm,-
316.PNG,Halo_Classification,Non-sperm,-
317.PNG,Halo_Classification,Non-sperm,-
318.PNG,Halo_Classification,Non-sperm,-
319.PNG,Halo_Classification,Non-sperm,-
320.PNG,Halo_Classification,Non-sperm,-
321.PNG,Halo_Classification,Non-sperm,-
322.PNG,Halo_Classification,Non-sperm,-
323.PNG,Halo_Classification,Non-sperm,-
001.jpg,Raw Images,mixed,-
002.jpg,Raw Images,mixed,-
003.jpg,Raw Images,mixed,-
004.jpg,Raw Images,mixed,-
005.jpg,Raw Images,mixed,-
006.jpg,Raw Images,mixed,-
007.jpg,Raw Images,mixed,-
008.jpg,Raw Images,mixed,-
009.jpg,Raw Images,mixed,-
010.jpg,Raw Images,mixed,-
011.jpg,Raw Images,mixed,-
012.jpg,Raw Images,mixed,-
013.jpg,Raw Images,mixed,-
014.jpg,Raw Images,mixed,-
015.jpg,Raw Images,mixed,-
016.jpg,Raw Images,mixed,-
017.jpg,Raw Images,mixed,-
018.jpg,Raw Images,mixed,-
019.jpg,Raw Images,mixed,-
020.jpg,Raw Images,mixed,-
021.jpg,Raw Images,mixed,-
022.jpg,Raw Images,mixed,-
023.jpg,Raw Images,mixed,-
024.jpg,Raw Images,mixed,-
025.jpg,Raw Images,mixed,-
026.jpg,Raw Images,mixed,-
027.jpg,Raw Images,mixed,-
028.jpg,Raw Images,mixed,-
029.jpg,Raw Images,mixed,-
030.jpg,Raw Images,mixed,-
031.jpg,Raw Images,mixed,-
032.jpg,Raw Images,mixed,-
033.jpg,Raw Images,mixed,-
034.jpg,Raw Images,mixed,-
035.jpg,Raw Images,mixed,-
036.jpg,Raw Images,mixed,-
037.jpg,Raw Images,mixed,-
038.jpg,Raw Images,mixed,-
039.jpg,Raw Images,mixed,-
040.jpg,Raw Images,mixed,-
041.jpg,Raw Images,mixed,-
042.jpg,Raw Images,mixed,-
043.jpg,Raw Images,mixed,-
044.jpg,Raw Images,mixed,-
045.jpg,Raw Images,mixed,-
046.jpg,Raw Images,mixed,-
047.jpg,Raw Images,mixed,-
048.jpg,Raw Images,mixed,-
049.jpg,Raw Images,mixed,-
050.jpg,Raw Images,mixed,-
051.jpg,Raw Images,mixed,-
052.jpg,Raw Images,mixed,-
053.jpg,Raw Images,mixed,-
054.jpg,Raw Images,mixed,-
055.jpg,Raw Images,mixed,-
056.jpg,Raw Images,mixed,-
057.jpg,Raw Images,mixed,-
058.jpg,Raw Images,mixed,-
059.jpg,Raw Images,mixed,-
060.jpg,Raw Images,mixed,-
061.jpg,Raw Images,mixed,-
062.jpg,Raw Images,mixed,-
063.jpg,Raw Images,mixed,-
064.jpg,Raw Images,mixed,-
065.jpg,Raw Images,mixed,-
066.jpg,Raw Images,mixed,-
067.jpg,Raw Images,mixed,-
068.jpg,Raw Images,mixed,-
069.jpg,Raw Images,mixed,-
070.jpg,Raw Images,mixed,-
071.jpg,Raw Images,mixed,-
072.jpg,Raw Images,mixed,-
073.jpg,Raw Images,mixed,-
074.jpg,Raw Images,mixed,-
075.jpg,Raw Images,mixed,-
076.jpg,Raw Images,mixed,-
077.jpg,Raw Images,mixed,-
078.jpg,Raw Images,mixed,-
079.jpg,Raw Images,mixed,-
080.jpg,Raw Images,mixed,-
081.jpg,Raw Images,mixed,-
082.jpg,Raw Images,mixed,-
083.jpg,Raw Images,mixed,-
084.jpg,Raw Images,mixed,-
085.jpg,Raw Images,mixed,-
086.jpg,Raw Images,mixed,-
087.jpg,Raw Images,mixed,-
088.jpg,Raw Images,mixed,-
089.jpg,Raw Images,mixed,-
090.jpg,Raw Images,mixed,-
091.jpg,Raw Images,mixed,-
092.jpg,Raw Images,mixed,-
093.jpg,Raw Images,mixed,-
094.jpg,Raw Images,mixed,-
095.jpg,Raw Images,mixed,-
096.jpg,Raw Images,mixed,-
097.jpg,Raw Images,mixed,-
098.jpg,Raw Images,mixed,-
099.jpg,Raw Images,mixed,-
100.jpg,Raw Images,mixed,-
101.jpg,Raw Images,mixed,-
102.jpg,Raw Images,mixed,-
103.jpg,Raw Images,mixed,-
104.jpg,Raw Images,mixed,-
105.jpg,Raw Images,mixed,-
106.jpg,Raw Images,mixed,-
107.jpg,Raw Images,mixed,-
108.jpg,Raw Images,mixed,-
109.jpg,Raw Images,mixed,-
110.jpg,Raw Images,mixed,-
111.jpg,Raw Images,mixed,-
112.jpg,Raw Images,mixed,-
113.jpg,Raw Images,mixed,-
114.jpg,Raw Images,mixed,-
115.jpg,Raw Images,mixed,-
116.jpg,Raw Images,mixed,-
117.jpg,Raw Images,mixed,-
118.jpg,Raw Images,mixed,-
119.jpg,Raw Images,mixed,-
120.jpg,Raw Images,mixed,-
121.jpg,Raw Images,mixed,-
122.jpg,Raw Images,mixed,-
123.jpg,Raw Images,mixed,-
124.jpg,Raw Images,mixed,-
125.jpg,Raw Images,mixed,-
126.jpg,Raw Images,mixed,-
127.jpg,Raw Images,mixed,-
128.jpg,Raw Images,mixed,-
129.jpg,Raw Images,mixed,-
130.jpg,Raw Images,mixed,-
131.jpg,Raw Images,mixed,-
132.jpg,Raw Images,mixed,-
133.jpg,Raw Images,mixed,-
134.jpg,Raw Images,mixed,-
135.jpg,Raw Images,mixed,-
136.jpg,Raw Images,mixed,-
137.jpg,Raw Images,mixed,-
138.jpg,Raw Images,mixed,-
139.jpg,Raw Images,mixed,-
140.jpg,Raw Images,mixed,-
141.jpg,Raw Images,mixed,-
142.jpg,Raw Images,mixed,-
143.jpg,Raw Images,mixed,-
144.jpg,Raw Images,mixed,-
145.jpg,Raw Images,mixed,-
146.jpg,Raw Images,mixed,-
147.jpg,Raw Images,mixed,-
148.jpg,Raw Images,mixed,-
149.jpg,Raw Images,mixed,-
150.jpg,Raw Images,mixed,-
151.jpg,Raw Images,mixed,-
152.jpg,Raw Images,mixed,-
153.jpg,Raw Images,mixed,-
154.jpg,Raw Images,mixed,-
155.jpg,Raw Images,mixed,-
156.jpg,Raw Images,mixed,-
157.jpg,Raw Images,mixed,-
158.jpg,Raw Images,mixed,-
159.jpg,Raw Images,mixed,-
160.jpg,Raw Images,mixed,-
161.jpg,Raw Images,mixed,-
162.jpg,Raw Images,mixed,-
163.jpg,Raw Images,mixed,-
164.jpg,Raw Images,mixed,-
165.jpg,Raw Images,mixed,-
166.jpg,Raw Images,mixed,-
167.jpg,Raw Images,mixed,-
168.jpg,Raw Images,mixed,-
169.jpg,Raw Images,mixed,-
170.jpg,Raw Images,mixed,-
171.jpg,Raw Images,mixed,-
172.jpg,Raw Images,mixed,-
173.jpg,Raw Images,mixed,-
174.jpg,Raw Images,mixed,-
175.jpg,Raw Images,mixed,-
176.jpg,Raw Images,mixed,-
177.jpg,Raw Images,mixed,-
178.jpg,Raw Images,mixed,-
179.jpg,Raw Images,mixed,-
180.jpg,Raw Images,mixed,-
181.jpg,Raw Images,mixed,-
182.jpg,Raw Images,mixed,-
183.jpg,Raw Images,mixed,-
184.jpg,Raw Images,mixed,-
185.jpg,Raw Images,mixed,-
186.jpg,Raw Images,mixed,-
187.jpg,Raw Images,mixed,-
188.jpg,Raw Images,mixed,-
189.jpg,Raw Images,mixed,-
190.jpg,Raw Images,mixed,-
191.jpg,Raw Images,mixed,-
192.jpg,Raw Images,mixed,-
193.jpg,Raw Images,mixed,-
194.jpg,Raw Images,mixed,-
195.jpg,Raw Images,mixed,-
196.jpg,Raw Images,mixed,-
197.jpg,Raw Images,mixed,-
198.jpg,Raw Images,mixed,-
199.jpg,Raw Images,mixed,-
200.jpg,Raw Images,mixed,-
201.jpg,Raw Images,mixed,-
202.jpg,Raw Images,mixed,-
203.jpg,Raw Images,mixed,-
204.jpg,Raw Images,mixed,-
205.jpg,Raw Images,mixed,-
206.jpg,Raw Images,mixed,-
207.jpg,Raw Images,mixed,-
208.jpg,Raw Images,mixed,-
209.jpg,Raw Images,mixed,-
210.jpg,Raw Images,mixed,-
211.jpg,Raw Images,mixed,-
212.jpg,Raw Images,mixed,-
213.jpg,Raw Images,mixed,-
214.jpg,Raw Images,mixed,-
215.jpg,Raw Images,mixed,-
216.jpg,Raw Images,mixed,-
217.jpg,Raw Images,mixed,-
218.jpg,Raw Images,mixed,-
219.jpg,Raw Images,mixed,-
220.jpg,Raw Images,mixed,-
221.jpg,Raw Images,mixed,-
222.jpg,Raw Images,mixed,-
223.jpg,Raw Images,mixed,-
224.jpg,Raw Images,mixed,-
225.jpg,Raw Images,mixed,-
226.jpg,Raw Images,mixed,-
227.jpg,Raw Images,mixed,-
228.jpg,Raw Images,mixed,-
229.jpg,Raw Images,mixed,-
230.jpg,Raw Images,mixed,-
231.jpg,Raw Images,mixed,-
232.jpg,Raw Images,mixed,-
233.jpg,Raw Images,mixed,-
234.jpg,Raw Images,mixed,-
235.jpg,Raw Images,mixed,-
236.jpg,Raw Images,mixed,-
237.jpg,Raw Images,mixed,-
238.jpg,Raw Images,mixed,-
239.jpg,Raw Images,mixed,-
240.jpg,Raw Images,mixed,-
241.jpg,Raw Images,mixed,-
242.jpg,Raw Images,mixed,-
243.jpg,Raw Images,mixed,-
244.jpg,Raw Images,mixed,-
245.jpg,Raw Images,mixed,-
246.jpg,Raw Images,mixed,-
247.jpg,Raw Images,mixed,-
248.jpg,Raw Images,mixed,-
249.jpg,Raw Images,mixed,-
250.jpg,Raw Images,mixed,-
251.jpg,Raw Images,mixed,-
252.jpg,Raw Images,mixed,-
253.jpg,Raw Images,mixed,-
254.jpg,Raw Images,mixed,-
255.jpg,Raw Images,mixed,-
256.jpg,Raw Images,mixed,-
257.jpg,Raw Images,mixed,-
258.jpg,Raw Images,mixed,-
259.jpg,Raw Images,mixed,-
260.jpg,Raw Images,mixed,-
261.jpg,Raw Images,mixed,-
262.jpg,Raw Images,mixed,-
263.jpg,Raw Images,mixed,-
264.jpg,Raw Images,mixed,-
265.jpg,Raw Images,mixed,-
266.jpg,Raw Images,mixed,-
267.jpg,Raw Images,mixed,-
268.jpg,Raw Images,mixed,-
269.jpg,Raw Images,mixed,-
270.jpg,Raw Images,mixed,-
271.jpg,Raw Images,mixed,-
272.jpg,Raw Images,mixed,-
273.jpg,Raw Images,mixed,-
274.jpg,Raw Images,mixed,-
275.jpg,Raw Images,mixed,-
276.jpg,Raw Images,mixed,-
277.jpg,Raw Images,mixed,-
278.jpg,Raw Images,mixed,-
279.jpg,Raw Images,mixed,-
280.jpg,Raw Images,mixed,-
281.jpg,Raw Images,mixed,-
282.jpg,Raw Images,mixed,-
283.jpg,Raw Images,mixed,-
284.jpg,Raw Images,mixed,-
285.jpg,Raw Images,mixed,-
286.jpg,Raw Images,mixed,-
287.jpg,Raw Images,mixed,-
288.jpg,Raw Images,mixed,-
289.jpg,Raw Images,mixed,-
290.jpg,Raw Images,mixed,-
291.jpg,Raw Images,mixed,-
292.jpg,Raw Images,mixed,-
293.jpg,Raw Images,mixed,-
294.jpg,Raw Images,mixed,-
295.jpg,Raw Images,mixed,-
296.jpg,Raw Images,mixed,-
297.jpg,Raw Images,mixed,-
298.jpg,Raw Images,mixed,-
299.jpg,Raw Images,mixed,-
300.jpg,Raw Images,mixed,-
301.jpg,Raw Images,mixed,-
302.jpg,Raw Images,mixed,-
303.jpg,Raw Images,mixed,-
304.jpg,Raw Images,mixed,-
305.jpg,Raw Images,mixed,-
306.jpg,Raw Images,mixed,-
307.jpg,Raw Images,mixed,-
308.jpg,Raw Images,mixed,-
309.jpg,Raw Images,mixed,-
310.jpg,Raw Images,mixed,-
311.jpg,Raw Images,mixed,-
312.jpg,Raw Images,mixed,-
313.jpg,Raw Images,mixed,-
314.jpg,Raw Images,mixed,-
315.jpg,Raw Images,mixed,-
316.jpg,Raw Images,mixed,-
317.jpg,Raw Images,mixed,-
318.jpg,Raw Images,mixed,-
319.jpg,Raw Images,mixed,-
320.jpg,Raw Images,mixed,-
321.jpg,Raw Images,mixed,-
322.jpg,Raw Images,mixed,-
323.jpg,Raw Images,mixed,-
324.jpg,Raw Images,mixed,-
325.jpg,Raw Images,mixed,-
326.jpg,Raw Images,mixed,-
327.jpg,Raw Images,mixed,-
328.jpg,Raw Images,mixed,-
329.jpg,Raw Images,mixed,-
330.jpg,Raw Images,mixed,-
331.jpg,Raw Images,mixed,-
332.jpg,Raw Images,mixed,-
333.jpg,Raw Images,mixed,-
334.jpg,Raw Images,mixed,-
335.jpg,Raw Images,mixed,-
336.jpg,Raw Images,mixed,-
337.jpg,Raw Images,mixed,-
338.jpg,Raw Images,mixed,-
339.jpg,Raw Images,mixed,-
340.jpg,Raw Images,mixed,-
341.jpg,Raw Images,mixed,-
342.jpg,Raw Images,mixed,-
343.jpg,Raw Images,mixed,-
344.jpg,Raw Images,mixed,-
345.jpg,Raw Images,mixed,-
346.jpg,Raw Images,mixed,-
347.jpg,Raw Images,mixed,-
348.jpg,Raw Images,mixed,-
349.jpg,Raw Images,mixed,-
350.jpg,Raw Images,mixed,-
351.jpg,Raw Images,mixed,-
352.jpg,Raw Images,mixed,-
353.jpg,Raw Images,mixed,-
354.jpg,Raw Images,mixed,-
355.jpg,Raw Images,mixed,-
356.jpg,Raw Images,mixed,-
357.jpg,Raw Images,mixed,-
358.jpg,Raw Images,mixed,-
359.jpg,Raw Images,mixed,-
360.jpg,Raw Images,mixed,-
361.jpg,Raw Images,mixed,-
362.jpg,Raw Images,mixed,-
363.jpg,Raw Images,mixed,-
364.jpg,Raw Images,mixed,-
365.jpg,Raw Images,mixed,-
366.jpg,Raw Images,mixed,-
367.jpg,Raw Images,mixed,-
368.jpg,Raw Images,mixed,-
369.jpg,Raw Images,mixed,-
370.jpg,Raw Images,mixed,-
371.jpg,Raw Images,mixed,-
372.jpg,Raw Images,mixed,-
373.jpg,Raw Images,mixed,-
374.jpg,Raw Images,mixed,-
375.jpg,Raw Images,mixed,-
376.jpg,Raw Images,mixed,-
377.jpg,Raw Images,mixed,-
378.jpg,Raw Images,mixed,-
379.jpg,Raw Images,mixed,-
380.jpg,Raw Images,mixed,-
381.jpg,Raw Images,mixed,-
382.jpg,Raw Images,mixed,-
383.jpg,Raw Images,mixed,-
384.jpg,Raw Images,mixed,-
385.jpg,Raw Images,mixed,-
386.jpg,Raw Images,mixed,-
387.jpg,Raw Images,mixed,-
388.jpg,Raw Images,mixed,-
389.jpg,Raw Images,mixed,-
390.jpg,Raw Images,mixed,-
391.jpg,Raw Images,mixed,-
392.jpg,Raw Images,mixed,-
393.jpg,Raw Images,mixed,-
394.jpg,Raw Images,mixed,-
395.jpg,Raw Images,mixed,-
396.jpg,Raw Images,mixed,-
397.jpg,Raw Images,mixed,-
398.jpg,Raw Images,mixed,-
399.jpg,Raw Images,mixed,-
400.jpg,Raw Images,mixed,-
